<?xml version="1.0" encoding="UTF-8"?>
<Configuration status="WARN">
<Properties>
   <Property name="basePath">./log4j</Property>
</Properties>
  <Appenders>
    <Console name="Console" target="SYSTEM_OUT">
      <PatternLayout pattern="%d{HH:mm:ss.SSS} [%t] %-5level %logger{36} - %msg%n"/>
    </Console>
    <RollingFile name="File" fileName="${basePath}/prints.log" filePattern="${basePath}/prints-%d{yyyy-MM-dd}.log">
  <PatternLayout pattern="%d{HH:mm:ss.SSS}[%t]%-5level%logger{36}-%msg%n"/>
    <SizeBasedTriggeringPolicy size="10000"/>
</RollingFile>
  </Appenders>
  <Loggers>
    <Root level="all">
      <AppenderRef ref="Console"/>
    </Root>
  </Loggers>
</Configuration>